type,key,mdate,publtype,reviewid,rating,cdate,author,editor,title,booktitle,pages,year,address,journal,volume,number,month,url,ee,cdrom,cite,publisher,note,crossref,isbn,series,school,chapter,publnr,stream,rel,aux,label,type_attr,href,orcid,bibtex,ref,sort,uri
incollection,reference/vision/X14bd,2017-07-12,encyclopedia,,,,,,Curvedness.,"Computer Vision, A Reference Guide",159,2014,,,,,,db/reference/vision/vision2014.html#X14bd,https://doi.org/10.1007/978-0-387-31439-6_100117,,,,,,,,,,,,,,,,,,,,,
incollection,reference/vision/Singh14,2019-01-09,encyclopedia,,,,Manish Singh 0001,,Transparency and Translucency.,"Computer Vision, A Reference Guide",815-819,2014,,,,,,db/reference/vision/vision2014.html#Singh14,https://doi.org/10.1007/978-0-387-31439-6_559,,,,,,,,,,,,,,,,,,,,,
incollection,reference/vision/X14ii,2017-07-12,encyclopedia,,,,,,Surface Orientation Histogram (Discrete Version of EGI).,"Computer Vision, A Reference Guide",781,2014,,,,,,db/reference/vision/vision2014.html#X14ii,https://doi.org/10.1007/978-0-387-31439-6_100229,,,,,,,,,,,,,,,,,,,,,
incollection,reference/vision/X14m,2017-07-12,encyclopedia,,,,,,Appearance Scanning.,"Computer Vision, A Reference Guide",36,2014,,,,,,db/reference/vision/vision2014.html#X14m,https://doi.org/10.1007/978-0-387-31439-6_100189,,,,,,,,,,,,,,,,,,,,,
incollection,reference/vision/Wong14,2017-07-12,encyclopedia,,,,Tien-Tsin Wong,,Image-Based Lighting.,"Computer Vision, A Reference Guide",387-390,2014,,,,,,db/reference/vision/vision2014.html#Wong14,https://doi.org/10.1007/978-0-387-31439-6_14,,,,,,,,,,,,,,,,,,,,,
incollection,reference/vision/X14gt,2017-07-12,encyclopedia,,,,,,Radiometric Camera Calibration.,"Computer Vision, A Reference Guide",658,2014,,,,,,db/reference/vision/vision2014.html#X14gt,https://doi.org/10.1007/978-0-387-31439-6_100172,,,,,,,,,,,,,,,,,,,,,
incollection,reference/vision/Pont14b,2018-11-02,encyclopedia,,,,Sylvia C. Pont,,Surface Roughness.,"Computer Vision, A Reference Guide",781-782,2014,,,,,,db/reference/vision/vision2014.html#Pont14b,https://doi.org/10.1007/978-0-387-31439-6_539,,,,,,,,,,,,,,,,,,,,,
incollection,reference/vision/Alexander14,2025-09-06,encyclopedia,,,,Daniel C. Alexander,,Image Registration.,"Computer Vision, A Reference Guide",380-385,2014,,,,,,db/reference/vision/vision2014.html#Alexander14,https://doi.org/10.1007/978-0-387-31439-6_194,,,,,,,,,,,,,,,,,,,,,
incollection,reference/vision/Fukui14,2017-07-12,encyclopedia,,,,Kazuhiro Fukui,,Subspace Methods.,"Computer Vision, A Reference Guide",777-781,2014,,,,,,db/reference/vision/vision2014.html#Fukui14,https://doi.org/10.1007/978-0-387-31439-6_708,,,,,,,,,,,,,,,,,,,,,
incollection,reference/vision/X14if,2017-07-12,encyclopedia,,,,,,Structure-from-Motion (SfM).,"Computer Vision, A Reference Guide",775,2014,,,,,,db/reference/vision/vision2014.html#X14if,https://doi.org/10.1007/978-0-387-31439-6_100254,,,,,,,,,,,,,,,,,,,,,
incollection,reference/vision/X14w,2017-07-12,encyclopedia,,,,,,Body Configuration Recovery.,"Computer Vision, A Reference Guide",59,2014,,,,,,db/reference/vision/vision2014.html#X14w,https://doi.org/10.1007/978-0-387-31439-6_100211,,,,,,,,,,,,,,,,,,,,,
incollection,reference/vision/SrivastavaPKTA14,2020-03-11,encyclopedia,,,,Gaurav Srivastava 0004; Johnny Park; Avinash C. Kak; Birgi Tamersoy; J. K. Aggarwal,,Multi-camera Human Action Recognition.,"Computer Vision, A Reference Guide",501-511,2014,,,,,,db/reference/vision/vision2014.html#SrivastavaPKTA14,https://doi.org/10.1007/978-0-387-31439-6_776,,,,,,,,,,,,,,,,,,,,,
incollection,reference/vision/Zhang14q,2017-07-12,encyclopedia,,,,Zhengyou Zhang,,Iterative Closest Point (ICP).,"Computer Vision, A Reference Guide",433-434,2014,,,,,,db/reference/vision/vision2014.html#Zhang14q,https://doi.org/10.1007/978-0-387-31439-6_179,,,,,,,,,,,,,,,,,,,,,
incollection,reference/vision/Gall14,2017-07-12,encyclopedia,,,,Juergen Gall,,Simulated Annealing.,"Computer Vision, A Reference Guide",737-741,2014,,,,,,db/reference/vision/vision2014.html#Gall14,https://doi.org/10.1007/978-0-387-31439-6_680,,,,,,,,,,,,,,,,,,,,,
incollection,reference/vision/X14ew,2017-07-12,encyclopedia,,,,,,Multisensor Data Fusion.,"Computer Vision, A Reference Guide",516,2014,,,,,,db/reference/vision/vision2014.html#X14ew,https://doi.org/10.1007/978-0-387-31439-6_100091,,,,,,,,,,,,,,,,,,,,,
incollection,reference/vision/X14hp,2017-07-12,encyclopedia,,,,,,Semidefinite Optimization.,"Computer Vision, A Reference Guide",716,2014,,,,,,db/reference/vision/vision2014.html#X14hp,https://doi.org/10.1007/978-0-387-31439-6_100253,,,,,,,,,,,,,,,,,,,,,
incollection,reference/vision/Hartley14,2017-07-12,encyclopedia,,,,Richard I. Hartley,,Projective Reconstruction.,"Computer Vision, A Reference Guide",640-651,2014,,,,,,db/reference/vision/vision2014.html#Hartley14,https://doi.org/10.1007/978-0-387-31439-6_784,,,,,,,,,,,,,,,,,,,,,
incollection,reference/vision/X14au,2017-07-12,encyclopedia,,,,,,Computer Vision.,"Computer Vision, A Reference Guide",145,2014,,,,,,db/reference/vision/vision2014.html#X14au,https://doi.org/10.1007/978-0-387-31439-6_100073,,,,,,,,,,,,,,,,,,,,,
incollection,reference/vision/X14ay,2017-07-12,encyclopedia,,,,,,Conditional Random Fields.,"Computer Vision, A Reference Guide",146,2014,,,,,,db/reference/vision/vision2014.html#X14ay,https://doi.org/10.1007/978-0-387-31439-6_100233,,,,,,,,,,,,,,,,,,,,,
incollection,reference/vision/X14je,2017-07-12,encyclopedia,,,,,,Underwater Radiative Transfer Processes.,"Computer Vision, A Reference Guide",837,2014,,,,,,db/reference/vision/vision2014.html#X14je,https://doi.org/10.1007/978-0-387-31439-6_100197,,,,,,,,,,,,,,,,,,,,,
incollection,reference/vision/PoggioU14,2017-07-12,encyclopedia,,,,Tomaso A. Poggio; Shimon Ullman,,Machine Recognition of Objects.,"Computer Vision, A Reference Guide",469-472,2014,,,,,,db/reference/vision/vision2014.html#PoggioU14,https://doi.org/10.1007/978-0-387-31439-6_793,,,,,,,,,,,,,,,,,,,,,
incollection,reference/vision/X14fz,2017-07-12,encyclopedia,,,,,,Partitioning.,"Computer Vision, A Reference Guide",589,2014,,,,,,db/reference/vision/vision2014.html#X14fz,https://doi.org/10.1007/978-0-387-31439-6_100059,,,,,,,,,,,,,,,,,,,,,
incollection,reference/vision/X14gv,2017-07-12,encyclopedia,,,,,,Recognition-By-Components (RBC) Theory.,"Computer Vision, A Reference Guide",663,2014,,,,,,db/reference/vision/vision2014.html#X14gv,https://doi.org/10.1007/978-0-387-31439-6_100121,,,,,,,,,,,,,,,,,,,,,
incollection,reference/vision/X14gb,2017-07-12,encyclopedia,,,,,,Perspective Projection.,"Computer Vision, A Reference Guide",592,2014,,,,,,db/reference/vision/vision2014.html#X14gb,https://doi.org/10.1007/978-0-387-31439-6_100003,,,,,,,,,,,,,,,,,,,,,
incollection,reference/vision/X14gn,2017-07-12,encyclopedia,,,,,,Projection Matrix.,"Computer Vision, A Reference Guide",639,2014,,,,,,db/reference/vision/vision2014.html#X14gn,https://doi.org/10.1007/978-0-387-31439-6_100004,,,,,,,,,,,,,,,,,,,,,
incollection,reference/vision/X14av,2017-07-12,encyclopedia,,,,,,Computing Architectures for Machine Perception.,"Computer Vision, A Reference Guide",145,2014,,,,,,db/reference/vision/vision2014.html#X14av,https://doi.org/10.1007/978-0-387-31439-6_100298,,,,,,,,,,,,,,,,,,,,,
incollection,reference/vision/X14in,2017-07-12,encyclopedia,,,,,,Surveillance Camera.,"Computer Vision, A Reference Guide",782,2014,,,,,,db/reference/vision/vision2014.html#X14in,https://doi.org/10.1007/978-0-387-31439-6_100162,,,,,,,,,,,,,,,,,,,,,
incollection,reference/vision/X14ez,2017-07-12,encyclopedia,,,,,,Network Camera.,"Computer Vision, A Reference Guide",523,2014,,,,,,db/reference/vision/vision2014.html#X14ez,https://doi.org/10.1007/978-0-387-31439-6_100161,,,,,,,,,,,,,,,,,,,,,
incollection,reference/vision/Zickler14,2017-07-12,encyclopedia,,,,Todd E. Zickler,,Photometric Invariants.,"Computer Vision, A Reference Guide",599-603,2014,,,,,,db/reference/vision/vision2014.html#Zickler14,https://doi.org/10.1007/978-0-387-31439-6_544,,,,,,,,,,,,,,,,,,,,,
incollection,reference/vision/X14dl,2017-07-12,encyclopedia,,,,,,Interface Reflection.,"Computer Vision, A Reference Guide",422,2014,,,,,,db/reference/vision/vision2014.html#X14dl,https://doi.org/10.1007/978-0-387-31439-6_100181,,,,,,,,,,,,,,,,,,,,,
incollection,reference/vision/Beyerer14,2017-07-12,encyclopedia,,,,Jürgen Beyerer,,Mirrors.,"Computer Vision, A Reference Guide",483-486,2014,,,,,,db/reference/vision/vision2014.html#Beyerer14,https://doi.org/10.1007/978-0-387-31439-6_100,,,,,,,,,,,,,,,,,,,,,
incollection,reference/vision/Rusinkiewicz14,2018-11-02,encyclopedia,,,,Szymon Rusinkiewicz,,Reflectance Models.,"Computer Vision, A Reference Guide",674-677,2014,,,,,,db/reference/vision/vision2014.html#Rusinkiewicz14,https://doi.org/10.1007/978-0-387-31439-6_537,,,,,,,,,,,,,,,,,,,,,
incollection,reference/vision/Agrawal14,2017-07-12,encyclopedia,,,,Amit K. Agrawal,,Multi-focus Images.,"Computer Vision, A Reference Guide",511-513,2014,,,,,,db/reference/vision/vision2014.html#Agrawal14,https://doi.org/10.1007/978-0-387-31439-6_445,,,,,,,,,,,,,,,,,,,,,
incollection,reference/vision/ShenGCB14,2024-05-10,encyclopedia,,,,Rui Shen 0002; Gaopeng Gou; Irene Cheng 0001; Anup Basu,,Active Calibration.,"Computer Vision, A Reference Guide",5,2014,,,,,,db/reference/vision/vision2014.html#ShenGCB14,https://doi.org/10.1007/978-0-387-31439-6_283,,,,,,,,,,,,,,,,,,,,,
incollection,reference/vision/Pietikainen14,2017-07-12,encyclopedia,,,,Matti Pietikäinen,,Texture Recognition.,"Computer Vision, A Reference Guide",789-793,2014,,,,,,db/reference/vision/vision2014.html#Pietikainen14,https://doi.org/10.1007/978-0-387-31439-6_328,,,,,,,,,,,,,,,,,,,,,
incollection,reference/vision/X14jv,2017-07-12,encyclopedia,,,,,,Volumetric Texture.,"Computer Vision, A Reference Guide",874,2014,,,,,,db/reference/vision/vision2014.html#X14jv,https://doi.org/10.1007/978-0-387-31439-6_100072,,,,,,,,,,,,,,,,,,,,,
incollection,reference/vision/Agrawal14a,2017-07-12,encyclopedia,,,,Amit K. Agrawal,,Vignetting.,"Computer Vision, A Reference Guide",854-856,2014,,,,,,db/reference/vision/vision2014.html#Agrawal14a,https://doi.org/10.1007/978-0-387-31439-6_563,,,,,,,,,,,,,,,,,,,,,
incollection,reference/vision/Basri14,2017-07-12,encyclopedia,,,,Ronen Basri,,Photometric Stereo.,"Computer Vision, A Reference Guide",603-608,2014,,,,,,db/reference/vision/vision2014.html#Basri14,https://doi.org/10.1007/978-0-387-31439-6_254,,,,,,,,,,,,,,,,,,,,,
incollection,reference/vision/Zach14,2017-07-12,encyclopedia,,,,Christopher Zach,,Dense Reconstruction.,"Computer Vision, A Reference Guide",179-181,2014,,,,,,db/reference/vision/vision2014.html#Zach14,https://doi.org/10.1007/978-0-387-31439-6_197,,,,,,,,,,,,,,,,,,,,,
incollection,reference/vision/X14dh,2017-07-12,encyclopedia,,,,,,Implicit Polynomial Surface.,"Computer Vision, A Reference Guide",399,2014,,,,,,db/reference/vision/vision2014.html#X14dh,https://doi.org/10.1007/978-0-387-31439-6_100120,,,,,,,,,,,,,,,,,,,,,
incollection,reference/vision/X14ax,2017-07-12,encyclopedia,,,,,,Concurrent Mapping and Localization (CML).,"Computer Vision, A Reference Guide",146,2014,,,,,,db/reference/vision/vision2014.html#X14ax,https://doi.org/10.1007/978-0-387-31439-6_100077,,,,,,,,,,,,,,,,,,,,,
incollection,reference/vision/Koenderink14c,2017-07-12,encyclopedia,,,,Jan J. Koenderink,,Osculating Paraboloids.,"Computer Vision, A Reference Guide",575-580,2014,,,,,,db/reference/vision/vision2014.html#Koenderink14c,https://doi.org/10.1007/978-0-387-31439-6_781,,,,,,,,,,,,,,,,,,,,,
incollection,reference/vision/X14s,2017-07-12,encyclopedia,,,,,,Backscattering.,"Computer Vision, A Reference Guide",43,2014,,,,,,db/reference/vision/vision2014.html#X14s,https://doi.org/10.1007/978-0-387-31439-6_100957,,,,,,,,,,,,,,,,,,,,,
incollection,reference/vision/X14bm,2017-07-12,encyclopedia,,,,,,Diffusely Scattered Reflectance.,"Computer Vision, A Reference Guide",210,2014,,,,,,db/reference/vision/vision2014.html#X14bm,https://doi.org/10.1007/978-0-387-31439-6_100959,,,,,,,,,,,,,,,,,,,,,
incollection,reference/vision/Tappen14a,2017-07-12,encyclopedia,,,,Marshall F. Tappen,,Intrinsic Images.,"Computer Vision, A Reference Guide",424-425,2014,,,,,,db/reference/vision/vision2014.html#Tappen14a,https://doi.org/10.1007/978-0-387-31439-6_245,,,,,,,,,,,,,,,,,,,,,
incollection,reference/vision/X14bf,2017-07-12,encyclopedia,,,,,,Deconvolution.,"Computer Vision, A Reference Guide",171,2014,,,,,,db/reference/vision/vision2014.html#X14bf,https://doi.org/10.1007/978-0-387-31439-6_100166,,,,,,,,,,,,,,,,,,,,,
incollection,reference/vision/X14dm,2017-07-12,encyclopedia,,,,,,Interpretation of Line Drawings.,"Computer Vision, A Reference Guide",423,2014,,,,,,db/reference/vision/vision2014.html#X14dm,https://doi.org/10.1007/978-0-387-31439-6_100113,,,,,,,,,,,,,,,,,,,,,
incollection,reference/vision/Tai14,2017-07-12,encyclopedia,,,,Yu-Wing Tai,,Blur Estimation.,"Computer Vision, A Reference Guide",57-59,2014,,,,,,db/reference/vision/vision2014.html#Tai14,https://doi.org/10.1007/978-0-387-31439-6_509,,,,,,,,,,,,,,,,,,,,,
incollection,reference/vision/X14cy,2017-07-12,encyclopedia,,,,,,Heterogeneous Parallel Computing.,"Computer Vision, A Reference Guide",358,2014,,,,,,db/reference/vision/vision2014.html#X14cy,https://doi.org/10.1007/978-0-387-31439-6_100299,,,,,,,,,,,,,,,,,,,,,
incollection,reference/vision/X14bq,2017-07-12,encyclopedia,,,,,,Dimension Reduction.,"Computer Vision, A Reference Guide",218,2014,,,,,,db/reference/vision/vision2014.html#X14bq,https://doi.org/10.1007/978-0-387-31439-6_100232,,,,,,,,,,,,,,,,,,,,,
incollection,reference/vision/X14ev,2017-07-12,encyclopedia,,,,,,Multiplexed Sensing.,"Computer Vision, A Reference Guide",516,2014,,,,,,db/reference/vision/vision2014.html#X14ev,https://doi.org/10.1007/978-0-387-31439-6_100188,,,,,,,,,,,,,,,,,,,,,
incollection,reference/vision/X14dq,2017-07-12,encyclopedia,,,,,,Kalman-Bucy Filter.,"Computer Vision, A Reference Guide",437,2014,,,,,,db/reference/vision/vision2014.html#X14dq,https://doi.org/10.1007/978-0-387-31439-6_100269,,,,,,,,,,,,,,,,,,,,,
incollection,reference/vision/X14hm,2017-07-12,encyclopedia,,,,,,Second Order Approximation.,"Computer Vision, A Reference Guide",713,2014,,,,,,db/reference/vision/vision2014.html#X14hm,https://doi.org/10.1007/978-0-387-31439-6_100295,,,,,,,,,,,,,,,,,,,,,
incollection,reference/vision/Chan14a,2017-07-12,encyclopedia,,,,Shing-Chow Chan,,Light Field.,"Computer Vision, A Reference Guide",447-453,2014,,,,,,db/reference/vision/vision2014.html#Chan14a,https://doi.org/10.1007/978-0-387-31439-6_5,,,,,,,,,,,,,,,,,,,,,
incollection,reference/vision/X14dt,2017-07-12,encyclopedia,,,,,,KF.,"Computer Vision, A Reference Guide",437,2014,,,,,,db/reference/vision/vision2014.html#X14dt,https://doi.org/10.1007/978-0-387-31439-6_100270,,,,,,,,,,,,,,,,,,,,,
incollection,reference/vision/Sturm14a,2017-07-12,encyclopedia,,,,Peter F. Sturm,,Fisheye Lens.,"Computer Vision, A Reference Guide",300-301,2014,,,,,,db/reference/vision/vision2014.html#Sturm14a,https://doi.org/10.1007/978-0-387-31439-6_487,,,,,,,,,,,,,,,,,,,,,
incollection,reference/vision/DickinsonSS14,2017-07-12,encyclopedia,,,,Sven J. Dickinson; Ali Shokoufandeh; Kaleem Siddiqi,,Shock Graph.,"Computer Vision, A Reference Guide",729-737,2014,,,,,,db/reference/vision/vision2014.html#DickinsonSS14,https://doi.org/10.1007/978-0-387-31439-6_655,,,,,,,,,,,,,,,,,,,,,
incollection,reference/vision/Wu14b,2017-07-12,encyclopedia,,,,Ying Nian Wu,,Histogram.,"Computer Vision, A Reference Guide",361-362,2014,,,,,,db/reference/vision/vision2014.html#Wu14b,https://doi.org/10.1007/978-0-387-31439-6_742,,,,,,,,,,,,,,,,,,,,,
incollection,reference/vision/X14gu,2017-07-12,encyclopedia,,,,,,Rao Metric.,"Computer Vision, A Reference Guide",660,2014,,,,,,db/reference/vision/vision2014.html#X14gu,https://doi.org/10.1007/978-0-387-31439-6_100236,,,,,,,,,,,,,,,,,,,,,
incollection,reference/vision/X14gy,2017-07-12,encyclopedia,,,,,,Relation Between Objects and Their Digital Images.,"Computer Vision, A Reference Guide",677,2014,,,,,,db/reference/vision/vision2014.html#X14gy,https://doi.org/10.1007/978-0-387-31439-6_100223,,,,,,,,,,,,,,,,,,,,,
incollection,reference/vision/X14el,2017-07-12,encyclopedia,,,,,,Monte Carlo Annealing.,"Computer Vision, A Reference Guide",492,2014,,,,,,db/reference/vision/vision2014.html#X14el,https://doi.org/10.1007/978-0-387-31439-6_100245,,,,,,,,,,,,,,,,,,,,,
incollection,reference/vision/X14iq,2017-07-12,encyclopedia,,,,,,Symmetry-Based X.,"Computer Vision, A Reference Guide",788,2014,,,,,,db/reference/vision/vision2014.html#X14iq,https://doi.org/10.1007/978-0-387-31439-6_100218,,,,,,,,,,,,,,,,,,,,,
incollection,reference/vision/Koppal14a,2018-11-14,encyclopedia,,,,Sanjeev J. Koppal,,Lambertian Reflectance.,"Computer Vision, A Reference Guide",441-443,2014,,,,,,db/reference/vision/vision2014.html#Koppal14a,https://doi.org/10.1007/978-0-387-31439-6_534; https://www.wikidata.org/entity/Q56431771,,,,,,,,,,,,,,,,,,,,,
incollection,reference/vision/X14cg,2017-07-12,encyclopedia,,,,,,Face Reconstruction.,"Computer Vision, A Reference Guide",288,2014,,,,,,db/reference/vision/vision2014.html#X14cg,https://doi.org/10.1007/978-0-387-31439-6_100104,,,,,,,,,,,,,,,,,,,,,
incollection,reference/vision/Zhang14n,2017-07-12,encyclopedia,,,,Zhengyou Zhang,,Fundamental Matrix.,"Computer Vision, A Reference Guide",307-308,2014,,,,,,db/reference/vision/vision2014.html#Zhang14n,https://doi.org/10.1007/978-0-387-31439-6_131,,,,,,,,,,,,,,,,,,,,,
incollection,reference/vision/RamanathD14b,2017-07-12,encyclopedia,,,,Rajeev Ramanath; Mark S. Drew,,Gamut Mapping.,"Computer Vision, A Reference Guide",318-325,2014,,,,,,db/reference/vision/vision2014.html#RamanathD14b,https://doi.org/10.1007/978-0-387-31439-6_456,,,,,,,,,,,,,,,,,,,,,
incollection,reference/vision/X14et,2017-07-12,encyclopedia,,,,,,Multiple View Geometry.,"Computer Vision, A Reference Guide",513,2014,,,,,,db/reference/vision/vision2014.html#X14et,https://doi.org/10.1007/978-0-387-31439-6_100010,,,,,,,,,,,,,,,,,,,,,
incollection,reference/vision/X14hz,2017-07-12,encyclopedia,,,,,,SPDE.,"Computer Vision, A Reference Guide",749,2014,,,,,,db/reference/vision/vision2014.html#X14hz,https://doi.org/10.1007/978-0-387-31439-6_100249,,,,,,,,,,,,,,,,,,,,,
incollection,reference/vision/X14fx,2017-07-12,encyclopedia,,,,,,Pan-Tilt Camera Calibration.,"Computer Vision, A Reference Guide",581,2014,,,,,,db/reference/vision/vision2014.html#X14fx,https://doi.org/10.1007/978-0-387-31439-6_100082,,,,,,,,,,,,,,,,,,,,,
incollection,reference/vision/X14fy,2017-07-12,encyclopedia,,,,,,Pan-Tilt Camera Calibration.,"Computer Vision, A Reference Guide",586,2014,,,,,,db/reference/vision/vision2014.html#X14fy,https://doi.org/10.1007/978-0-387-31439-6_100083,,,,,,,,,,,,,,,,,,,,,
incollection,reference/vision/Hasinoff14a,2017-07-12,encyclopedia,,,,Samuel W. Hasinoff,,Saturation (Imaging).,"Computer Vision, A Reference Guide",699-701,2014,,,,,,db/reference/vision/vision2014.html#Hasinoff14a,https://doi.org/10.1007/978-0-387-31439-6_483,,,,,,,,,,,,,,,,,,,,,
incollection,reference/vision/Tominaga14,2017-07-12,encyclopedia,,,,Shoji Tominaga,,Color Model.,"Computer Vision, A Reference Guide",116-120,2014,,,,,,db/reference/vision/vision2014.html#Tominaga14,https://doi.org/10.1007/978-0-387-31439-6_449,,,,,,,,,,,,,,,,,,,,,
incollection,reference/vision/X14ge,2017-07-12,encyclopedia,,,,,,Picture Understanding.,"Computer Vision, A Reference Guide",610,2014,,,,,,db/reference/vision/vision2014.html#X14ge,https://doi.org/10.1007/978-0-387-31439-6_100115,,,,,,,,,,,,,,,,,,,,,
incollection,reference/vision/X14db,2017-07-12,encyclopedia,,,,,,ICP.,"Computer Vision, A Reference Guide",371,2014,,,,,,db/reference/vision/vision2014.html#X14db,https://doi.org/10.1007/978-0-387-31439-6_100030,,,,,,,,,,,,,,,,,,,,,
incollection,reference/vision/X14gd,2017-07-12,encyclopedia,,,,,,Photometric Consistency Function.,"Computer Vision, A Reference Guide",599,2014,,,,,,db/reference/vision/vision2014.html#X14gd,https://doi.org/10.1007/978-0-387-31439-6_100042,,,,,,,,,,,,,,,,,,,,,
incollection,reference/vision/X14bw,2017-07-12,encyclopedia,,,,,,Distance Estimation.,"Computer Vision, A Reference Guide",229,2014,,,,,,db/reference/vision/vision2014.html#X14bw,https://doi.org/10.1007/978-0-387-31439-6_100007,,,,,,,,,,,,,,,,,,,,,
incollection,reference/vision/X14gm,2017-07-12,encyclopedia,,,,,,Probabilistic Hill Climbing.,"Computer Vision, A Reference Guide",639,2014,,,,,,db/reference/vision/vision2014.html#X14gm,https://doi.org/10.1007/978-0-387-31439-6_100246,,,,,,,,,,,,,,,,,,,,,
incollection,reference/vision/X14u,2017-07-12,encyclopedia,,,,,,Blackbody Radiator.,"Computer Vision, A Reference Guide",52,2014,,,,,,db/reference/vision/vision2014.html#X14u,https://doi.org/10.1007/978-0-387-31439-6_100202,,,,,,,,,,,,,,,,,,,,,
incollection,reference/vision/Wang14,2025-04-16,encyclopedia,,,,Xiaogang Wang 0001,,Face Identification.,"Computer Vision, A Reference Guide",279-285,2014,,,,,,db/reference/vision/vision2014.html#Wang14,https://doi.org/10.1007/978-0-387-31439-6_354,,,,,,,,,,,,,,,,,,,,,
incollection,reference/vision/X14cb,2017-07-12,encyclopedia,,,,,,Environment Mapping.,"Computer Vision, A Reference Guide",247,2014,,,,,,db/reference/vision/vision2014.html#X14cb,https://doi.org/10.1007/978-0-387-31439-6_100016,,,,,,,,,,,,,,,,,,,,,
incollection,reference/vision/X14fl,2017-07-12,encyclopedia,,,,,,Object Segmentation.,"Computer Vision, A Reference Guide",542,2014,,,,,,db/reference/vision/vision2014.html#X14fl,https://doi.org/10.1007/978-0-387-31439-6_100065,,,,,,,,,,,,,,,,,,,,,
incollection,reference/vision/Vernon14a,2017-07-12,encyclopedia,,,,David Vernon,,Cognitive Vision.,"Computer Vision, A Reference Guide",106-109,2014,,,,,,db/reference/vision/vision2014.html#Vernon14a,https://doi.org/10.1007/978-0-387-31439-6_83,,,,,,,,,,,,,,,,,,,,,
incollection,reference/vision/X14jc,2017-07-12,encyclopedia,,,,,,Two Dimensional Conditional Random Fields.,"Computer Vision, A Reference Guide",829,2014,,,,,,db/reference/vision/vision2014.html#X14jc,https://doi.org/10.1007/978-0-387-31439-6_100234,,,,,,,,,,,,,,,,,,,,,
incollection,reference/vision/X14gq,2017-07-12,encyclopedia,,,,,,PTZ Camera Calibration.,"Computer Vision, A Reference Guide",654,2014,,,,,,db/reference/vision/vision2014.html#X14gq,https://doi.org/10.1007/978-0-387-31439-6_100084,,,,,,,,,,,,,,,,,,,,,
incollection,reference/vision/Wu14,2017-07-12,encyclopedia,,,,Ying Nian Wu,,Cross Entropy.,"Computer Vision, A Reference Guide",154,2014,,,,,,db/reference/vision/vision2014.html#Wu14,https://doi.org/10.1007/978-0-387-31439-6_743,,,,,,,,,,,,,,,,,,,,,
incollection,reference/vision/RamanathD14a,2017-07-12,encyclopedia,,,,Rajeev Ramanath; Mark S. Drew,,Color Spaces.,"Computer Vision, A Reference Guide",123-132,2014,,,,,,db/reference/vision/vision2014.html#RamanathD14a,https://doi.org/10.1007/978-0-387-31439-6_452,,,,,,,,,,,,,,,,,,,,,
incollection,reference/vision/Tan14d,2017-07-12,encyclopedia,,,,Robby T. Tan,,"Specularity, Specular Reflectance.","Computer Vision, A Reference Guide",750-752,2014,,,,,,db/reference/vision/vision2014.html#Tan14d,https://doi.org/10.1007/978-0-387-31439-6_538,,,,,,,,,,,,,,,,,,,,,
incollection,reference/vision/X14di,2017-07-12,encyclopedia,,,,,,Inexact Matching.,"Computer Vision, A Reference Guide",401,2014,,,,,,db/reference/vision/vision2014.html#X14di,https://doi.org/10.1007/978-0-387-31439-6_100287,,,,,,,,,,,,,,,,,,,,,
incollection,reference/vision/X14dn,2017-07-12,encyclopedia,,,,,,Intrinsic Parameters.,"Computer Vision, A Reference Guide",426,2014,,,,,,db/reference/vision/vision2014.html#X14dn,https://doi.org/10.1007/978-0-387-31439-6_100023,,,,,,,,,,,,,,,,,,,,,
incollection,reference/vision/X14du,2017-07-12,encyclopedia,,,,,,Kinematic Chain Motion Models.,"Computer Vision, A Reference Guide",437,2014,,,,,,db/reference/vision/vision2014.html#X14du,https://doi.org/10.1007/978-0-387-31439-6_100212,,,,,,,,,,,,,,,,,,,,,
incollection,reference/vision/X14bz,2017-07-12,encyclopedia,,,,,,Ellipse Matching.,"Computer Vision, A Reference Guide",247,2014,,,,,,db/reference/vision/vision2014.html#X14bz,https://doi.org/10.1007/978-0-387-31439-6_100095,,,,,,,,,,,,,,,,,,,,,
incollection,reference/vision/Lindeberg14,2017-07-12,encyclopedia,,,,Tony Lindeberg,,Scale Selection.,"Computer Vision, A Reference Guide",701-713,2014,,,,,,db/reference/vision/vision2014.html#Lindeberg14,https://doi.org/10.1007/978-0-387-31439-6_242,,,,,,,,,,,,,,,,,,,,,
incollection,reference/vision/Vernon14b,2017-07-12,encyclopedia,,,,David Vernon,,Visual Cognition.,"Computer Vision, A Reference Guide",860-862,2014,,,,,,db/reference/vision/vision2014.html#Vernon14b,https://doi.org/10.1007/978-0-387-31439-6_785,,,,,,,,,,,,,,,,,,,,,
incollection,reference/vision/Neumann14,2017-07-12,encyclopedia,,,,Bernd Neumann,,Description Logics.,"Computer Vision, A Reference Guide",189-191,2014,,,,,,db/reference/vision/vision2014.html#Neumann14,https://doi.org/10.1007/978-0-387-31439-6_706,,,,,,,,,,,,,,,,,,,,,
incollection,reference/vision/X14fb,2017-07-12,encyclopedia,,,,,,Non-central Camera Calibration.,"Computer Vision, A Reference Guide",523,2014,,,,,,db/reference/vision/vision2014.html#X14fb,https://doi.org/10.1007/978-0-387-31439-6_100025,,,,,,,,,,,,,,,,,,,,,
incollection,reference/vision/X14br,2017-07-12,encyclopedia,,,,,,Dimensional Compression.,"Computer Vision, A Reference Guide",218,2014,,,,,,db/reference/vision/vision2014.html#X14br,https://doi.org/10.1007/978-0-387-31439-6_100230,,,,,,,,,,,,,,,,,,,,,
incollection,reference/vision/X14dc,2017-07-12,encyclopedia,,,,,,Image Alignment.,"Computer Vision, A Reference Guide",373,2014,,,,,,db/reference/vision/vision2014.html#X14dc,https://doi.org/10.1007/978-0-387-31439-6_100038,,,,,,,,,,,,,,,,,,,,,
incollection,reference/vision/Joshi14a,2017-07-12,encyclopedia,,,,Neel Joshi,,Motion Blur.,"Computer Vision, A Reference Guide",492-495,2014,,,,,,db/reference/vision/vision2014.html#Joshi14a,https://doi.org/10.1007/978-0-387-31439-6_512,,,,,,,,,,,,,,,,,,,,,
incollection,reference/vision/X14cx,2017-07-12,encyclopedia,,,,,,Hazard Detection.,"Computer Vision, A Reference Guide",358,2014,,,,,,db/reference/vision/vision2014.html#X14cx,https://doi.org/10.1007/978-0-387-31439-6_100174,,,,,,,,,,,,,,,,,,,,,
incollection,reference/vision/X14cp,2017-07-12,encyclopedia,,,,,,Gait Analysis.,"Computer Vision, A Reference Guide",309,2014,,,,,,db/reference/vision/vision2014.html#X14cp,https://doi.org/10.1007/978-0-387-31439-6_100109,,,,,,,,,,,,,,,,,,,,,
incollection,reference/vision/Koch14,2017-07-12,encyclopedia,,,,Reinhard Koch,,Depth Estimation.,"Computer Vision, A Reference Guide",183-186,2014,,,,,,db/reference/vision/vision2014.html#Koch14,https://doi.org/10.1007/978-0-387-31439-6_125,,,,,,,,,,,,,,,,,,,,,
incollection,reference/vision/PereraBZ14,2017-07-12,encyclopedia,,,,Samunda Perera; Nick Barnes; Alexander Zelinsky,,Exploration: Simultaneous Localization and Mapping (SLAM).,"Computer Vision, A Reference Guide",268-275,2014,,,,,,db/reference/vision/vision2014.html#PereraBZ14,https://doi.org/10.1007/978-0-387-31439-6_280,,,,,,,,,,,,,,,,,,,,,
incollection,reference/vision/X14gx,2017-07-12,encyclopedia,,,,,,Reflectometry.,"Computer Vision, A Reference Guide",677,2014,,,,,,db/reference/vision/vision2014.html#X14gx,https://doi.org/10.1007/978-0-387-31439-6_100191,,,,,,,,,,,,,,,,,,,,,
incollection,reference/vision/LangguthG14a,2017-07-12,encyclopedia,,,,Fabian Langguth; Michael Goesele,,Radiance.,"Computer Vision, A Reference Guide",655-656,2014,,,,,,db/reference/vision/vision2014.html#LangguthG14a,https://doi.org/10.1007/978-0-387-31439-6_526,,,,,,,,,,,,,,,,,,,,,
incollection,reference/vision/X14bc,2017-07-12,encyclopedia,,,,,,Coplanarity Constraint.,"Computer Vision, A Reference Guide",152,2014,,,,,,db/reference/vision/vision2014.html#X14bc,https://doi.org/10.1007/978-0-387-31439-6_100009,,,,,,,,,,,,,,,,,,,,,
incollection,reference/vision/X14jb,2017-07-12,encyclopedia,,,,,,Transportation Problem.,"Computer Vision, A Reference Guide",827,2014,,,,,,db/reference/vision/vision2014.html#X14jb,https://doi.org/10.1007/978-0-387-31439-6_100288,,,,,,,,,,,,,,,,,,,,,
incollection,reference/vision/X14p,2017-07-12,encyclopedia,,,,,,Automatic Gait Recognition.,"Computer Vision, A Reference Guide",42,2014,,,,,,db/reference/vision/vision2014.html#X14p,https://doi.org/10.1007/978-0-387-31439-6_100108,,,,,,,,,,,,,,,,,,,,,
incollection,reference/vision/X14gf,2017-07-12,encyclopedia,,,,,,Piecewise Polynomial.,"Computer Vision, A Reference Guide",610,2014,,,,,,db/reference/vision/vision2014.html#X14gf,https://doi.org/10.1007/978-0-387-31439-6_100118,,,,,,,,,,,,,,,,,,,,,
incollection,reference/vision/Bonaiuto14,2017-07-12,encyclopedia,,,,James Bonaiuto,,Affordances and Action Recognition.,"Computer Vision, A Reference Guide",25-27,2014,,,,,,db/reference/vision/vision2014.html#Bonaiuto14,https://doi.org/10.1007/978-0-387-31439-6_772,,,,,,,,,,,,,,,,,,,,,
incollection,reference/vision/Zhang14g,2017-07-12,encyclopedia,,,,Zhengyou Zhang,,"Camera Parameters (Intrinsic, Extrinsic).","Computer Vision, A Reference Guide",81-85,2014,,,,,,db/reference/vision/vision2014.html#Zhang14g,https://doi.org/10.1007/978-0-387-31439-6_152,,,,,,,,,,,,,,,,,,,,,
incollection,reference/vision/RamanathD14d,2017-07-12,encyclopedia,,,,Rajeev Ramanath; Mark S. Drew,,Planckian Locus.,"Computer Vision, A Reference Guide",613-616,2014,,,,,,db/reference/vision/vision2014.html#RamanathD14d,https://doi.org/10.1007/978-0-387-31439-6_566,,,,,,,,,,,,,,,,,,,,,
incollection,reference/vision/Wu14c,2017-07-12,encyclopedia,,,,Ying Nian Wu,,Statistical Independence.,"Computer Vision, A Reference Guide",759-760,2014,,,,,,db/reference/vision/vision2014.html#Wu14c,https://doi.org/10.1007/978-0-387-31439-6_744,,,,,,,,,,,,,,,,,,,,,
incollection,reference/vision/X14l,2017-07-12,encyclopedia,,,,,,Aperture Ghosting.,"Computer Vision, A Reference Guide",36,2014,,,,,,db/reference/vision/vision2014.html#X14l,https://doi.org/10.1007/978-0-387-31439-6_100146,,,,,,,,,,,,,,,,,,,,,
incollection,reference/vision/X14bu,2017-07-12,encyclopedia,,,,,,Discrete AdaBoost.,"Computer Vision, A Reference Guide",221,2014,,,,,,db/reference/vision/vision2014.html#X14bu,https://doi.org/10.1007/978-0-387-31439-6_100239,,,,,,,,,,,,,,,,,,,,,
incollection,reference/vision/Ackermann14,2017-07-12,encyclopedia,,,,Hanno Ackermann,,Factorization.,"Computer Vision, A Reference Guide",288-291,2014,,,,,,db/reference/vision/vision2014.html#Ackermann14,https://doi.org/10.1007/978-0-387-31439-6_689,,,,,,,,,,,,,,,,,,,,,
incollection,reference/vision/X14bj,2017-07-12,encyclopedia,,,,,,Depth Imaging.,"Computer Vision, A Reference Guide",186,2014,,,,,,db/reference/vision/vision2014.html#X14bj,https://doi.org/10.1007/978-0-387-31439-6_100006,,,,,,,,,,,,,,,,,,,,,
incollection,reference/vision/X14ft,2017-07-12,encyclopedia,,,,,,Out of Focus Blur.,"Computer Vision, A Reference Guide",580,2014,,,,,,db/reference/vision/vision2014.html#X14ft,https://doi.org/10.1007/978-0-387-31439-6_100167,,,,,,,,,,,,,,,,,,,,,
incollection,reference/vision/X14af,2017-07-12,encyclopedia,,,,,,CIE Standard Illuminant.,"Computer Vision, A Reference Guide",100,2014,,,,,,db/reference/vision/vision2014.html#X14af,https://doi.org/10.1007/978-0-387-31439-6_100123,,,,,,,,,,,,,,,,,,,,,
incollection,reference/vision/X14ek,2017-07-12,encyclopedia,,,,,,MoCap.,"Computer Vision, A Reference Guide",488,2014,,,,,,db/reference/vision/vision2014.html#X14ek,https://doi.org/10.1007/978-0-387-31439-6_100047,,,,,,,,,,,,,,,,,,,,,
incollection,reference/vision/Chaumette14,2017-07-12,encyclopedia,,,,François Chaumette,,Visual Servoing.,"Computer Vision, A Reference Guide",869-874,2014,,,,,,db/reference/vision/vision2014.html#Chaumette14,https://doi.org/10.1007/978-0-387-31439-6_281,,,,,,,,,,,,,,,,,,,,,
incollection,reference/vision/X14jd,2017-07-12,encyclopedia,,,,,,Underwater Light Field.,"Computer Vision, A Reference Guide",837,2014,,,,,,db/reference/vision/vision2014.html#X14jd,https://doi.org/10.1007/978-0-387-31439-6_100196,,,,,,,,,,,,,,,,,,,,,
incollection,reference/vision/Zhang14a,2017-07-12,encyclopedia,,,,Zhengyou Zhang,,Affine Projection.,"Computer Vision, A Reference Guide",22,2014,,,,,,db/reference/vision/vision2014.html#Zhang14a,https://doi.org/10.1007/978-0-387-31439-6_791,,,,,,,,,,,,,,,,,,,,,
incollection,reference/vision/SrivastavaKK14,2017-07-12,encyclopedia,,,,Anuj Srivastava; Sebastian Kurtek; Eric Klassen,,Statistical Shape Analysis.,"Computer Vision, A Reference Guide",760-770,2014,,,,,,db/reference/vision/vision2014.html#SrivastavaKK14,https://doi.org/10.1007/978-0-387-31439-6_778,,,,,,,,,,,,,,,,,,,,,
incollection,reference/vision/Maire14,2017-07-12,encyclopedia,,,,Michael Maire,,Corner Detection.,"Computer Vision, A Reference Guide",152-154,2014,,,,,,db/reference/vision/vision2014.html#Maire14,https://doi.org/10.1007/978-0-387-31439-6_216,,,,,,,,,,,,,,,,,,,,,
incollection,reference/vision/X14ig,2017-07-12,encyclopedia,,,,,,Superresolution.,"Computer Vision, A Reference Guide",781,2014,,,,,,db/reference/vision/vision2014.html#X14ig,https://doi.org/10.1007/978-0-387-31439-6_100036,,,,,,,,,,,,,,,,,,,,,
incollection,reference/vision/X14gg,2017-07-12,encyclopedia,,,,,,Pinhole Camera.,"Computer Vision, A Reference Guide",610,2014,,,,,,db/reference/vision/vision2014.html#X14gg,https://doi.org/10.1007/978-0-387-31439-6_100001,,,,,,,,,,,,,,,,,,,,,
incollection,reference/vision/X14fe,2017-07-12,encyclopedia,,,,,,Numerical Partial Differential Equations.,"Computer Vision, A Reference Guide",531,2014,,,,,,db/reference/vision/vision2014.html#X14fe,https://doi.org/10.1007/978-0-387-31439-6_100262,,,,,,,,,,,,,,,,,,,,,
incollection,reference/vision/Maeda14,2017-07-12,encyclopedia,,,,Eisaku Maeda,,Dimensionality Reduction.,"Computer Vision, A Reference Guide",218-221,2014,,,,,,db/reference/vision/vision2014.html#Maeda14,https://doi.org/10.1007/978-0-387-31439-6_652,,,,,,,,,,,,,,,,,,,,,
incollection,reference/vision/X14cw,2017-07-12,encyclopedia,,,,,,GVF.,"Computer Vision, A Reference Guide",354,2014,,,,,,db/reference/vision/vision2014.html#X14cw,https://doi.org/10.1007/978-0-387-31439-6_100267,,,,,,,,,,,,,,,,,,,,,
incollection,reference/vision/Atkinson14a,2017-07-12,encyclopedia,,,,Gary A. Atkinson,,Polarized Light in Computer Vision.,"Computer Vision, A Reference Guide",630-634,2014,,,,,,db/reference/vision/vision2014.html#Atkinson14a,https://doi.org/10.1007/978-0-387-31439-6_571,,,,,,,,,,,,,,,,,,,,,
incollection,reference/vision/Vernon14,2017-07-12,encyclopedia,,,,David Vernon,,Cognitive System.,"Computer Vision, A Reference Guide",100-106,2014,,,,,,db/reference/vision/vision2014.html#Vernon14,https://doi.org/10.1007/978-0-387-31439-6_82,,,,,,,,,,,,,,,,,,,,,
